sector_index,category
1,10 найтепліших
2,10 найтепліших
3,10 найтепліших
6,30 близькі до середньої температури
8,30 близькі до середньої температури
11,10 найтепліших
12,10 найтепліших
13,10 найтепліших
16,10 найтепліших
26,10 найтепліших
33,30 близькі до середньої температури
37,30 близькі до середньої температури
42,30 близькі до середньої температури
52,30 близькі до середньої температури
71,30 близькі до середньої температури
73,30 близькі до середньої температури
76,10 найхолодніших
77,10 найхолодніших
78,10 найхолодніших
81,30 близькі до середньої температури
83,30 близькі до середньої температури
85,30 близькі до середньої температури
86,30 близькі до середньої температури
87,30 близькі до середньої температури
90,10 найхолодніших
91,10 найхолодніших
92,10 найхолодніших
95,30 близькі до середньої температури
96,30 близькі до середньої температури
97,30 близькі до середньої температури
99,30 близькі до середньої температури
100,30 близькі до середньої температури
101,30 близькі до середньої температури
104,10 найхолодніших
105,10 найхолодніших
106,10 найхолодніших
109,30 близькі до середньої температури
110,30 близькі до середньої температури
111,30 близькі до середньої температури
113,30 близькі до середньої температури
119,10 найхолодніших
123,30 близькі до середньої температури
125,30 близькі до середньої температури
126,30 близькі до середньої температури
130,30 близькі до середньої температури
136,30 близькі до середньої температури
156,10 найтепліших
159,30 близькі до середньої температури
163,30 близькі до середньої температури
166,10 найтепліших
