sector_index,min_temperature,max_temperature,mean_temperature,median_temperature,temperature_range
0,13.5,16.0,14.603,14.6,2.5
1,14.7,17.2,15.860999999999999,15.9,2.5
2,15.4,17.4,16.38,16.4,1.9999999999999982
3,14.9,17.4,15.975000000000001,16.0,2.4999999999999982
4,13.7,16.0,14.737,14.8,2.3000000000000007
5,11.9,14.4,13.212,13.149999999999999,2.5
6,10.7,13.3,12.039000000000001,12.0,2.6000000000000014
7,10.5,12.6,11.444000000000003,11.4,2.0999999999999996
8,10.5,13.1,11.97,12.0,2.5999999999999996
9,11.6,14.3,13.194,13.2,2.700000000000001
10,13.1,16.3,14.693,14.7,3.200000000000001
11,14.6,17.0,15.921212121212124,15.9,2.4000000000000004
12,15.3,17.6,16.476999999999997,16.5,2.3000000000000007
13,14.7,16.9,15.918000000000001,15.9,2.1999999999999993
14,12.7,15.6,14.254000000000001,14.3,2.9000000000000004
15,14.3,16.7,15.555555555555554,15.6,2.3999999999999986
16,15.0,16.8,16.01414141414141,16.1,1.8000000000000007
17,14.3,16.8,15.546,15.6,2.5
18,12.9,15.5,14.296,14.4,2.5999999999999996
19,11.2,14.3,12.85,12.9,3.1000000000000014
20,10.4,13.2,11.640000000000002,11.6,2.799999999999999
21,9.7,12.2,11.049999999999997,11.1,2.5
22,10.6,13.0,11.600999999999999,11.6,2.4000000000000004
23,11.0,14.2,12.796999999999999,12.8,3.1999999999999993
24,13.0,15.7,14.282,14.3,2.6999999999999993
25,14.3,17.2,15.506060606060608,15.5,2.8999999999999986
26,15.3,17.2,16.073,16.1,1.8999999999999986
27,14.5,16.8,15.546,15.5,2.3000000000000007
28,11.6,14.9,13.460606060606063,13.4,3.3000000000000007
29,13.7,15.7,14.693999999999999,14.7,2.0
30,14.1,16.3,15.256000000000002,15.3,2.200000000000001
31,13.6,15.9,14.825000000000003,14.8,2.3000000000000007
32,11.9,15.1,13.607999999999999,13.6,3.1999999999999993
33,10.8,13.4,12.081,12.1,2.5999999999999996
34,9.2,12.2,10.815,10.8,3.0
35,9.1,11.7,10.304999999999998,10.3,2.5999999999999996
36,9.4,11.9,10.811,10.75,2.5
37,10.4,13.4,12.069,12.0,3.0
38,12.0,15.2,13.502,13.5,3.1999999999999993
39,13.5,16.0,14.810999999999996,14.8,2.5
40,13.7,16.3,15.214999999999998,15.2,2.6000000000000014
41,13.5,16.4,14.812999999999999,14.8,2.8999999999999986
42,10.9,14.0,12.540999999999999,12.6,3.0999999999999996
43,12.5,14.9,13.783999999999999,13.8,2.4000000000000004
44,13.1,15.9,14.392999999999997,14.4,2.8000000000000007
45,12.9,15.3,13.888,13.850000000000001,2.4000000000000004
46,11.2,14.1,12.690000000000003,12.7,2.9000000000000004
47,9.8,12.7,11.148,11.1,2.8999999999999986
48,8.3,11.2,9.891,9.850000000000001,2.8999999999999986
49,8.0,10.6,9.598999999999998,9.8,2.5999999999999996
50,8.6,11.0,9.894,9.8,2.4000000000000004
51,9.5,12.6,11.087,11.1,3.0999999999999996
52,10.6,14.0,12.596999999999998,12.6,3.4000000000000004
53,12.8,15.1,13.934000000000001,13.9,2.299999999999999
54,13.0,15.7,14.398,14.4,2.6999999999999993
55,12.1,14.9,13.865,13.8,2.8000000000000007
56,9.7,13.4,11.674000000000001,11.6,3.700000000000001
57,11.7,14.2,12.942000000000002,12.9,2.5
58,12.4,14.5,13.416000000000002,13.4,2.0999999999999996
59,11.6,14.1,12.921,12.9,2.5
60,10.6,13.2,11.914999999999997,11.95,2.5999999999999996
61,8.7,11.7,10.277000000000001,10.3,3.0
62,7.6,10.1,8.982999999999999,9.0,2.5
63,7.4,9.8,8.578,8.5,2.4000000000000004
64,7.6,10.2,8.913,8.9,2.5999999999999996
65,8.4,11.9,10.235,10.25,3.5
66,10.4,12.9,11.739,11.7,2.5
67,11.4,14.3,13.014000000000001,13.1,2.9000000000000004
68,12.2,14.2,13.312000000000001,13.3,2.0
69,11.9,14.2,12.965,12.9,2.299999999999999
70,9.8,12.7,11.089999999999998,11.05,2.8999999999999986
71,11.3,13.3,12.35,12.3,2.0
72,11.7,13.9,12.792,12.8,2.200000000000001
73,11.2,13.7,12.36,12.3,2.5
74,9.8,12.3,11.126999999999999,11.1,2.5
75,8.4,10.9,9.587878787878788,9.6,2.5
76,7.3,9.8,8.277999999999999,8.2,2.500000000000001
77,7.0,9.2,7.870999999999999,7.9,2.1999999999999993
78,7.3,9.4,8.323232323232324,8.3,2.1000000000000005
79,8.4,10.8,9.496,9.5,2.4000000000000004
80,9.7,12.3,11.154000000000002,11.2,2.6000000000000014
81,11.2,13.7,12.333999999999998,12.3,2.5
82,11.4,13.7,12.839000000000004,12.9,2.299999999999999
83,11.2,13.6,12.315999999999999,12.2,2.4000000000000004
84,9.5,12.6,10.798,10.8,3.0999999999999996
85,10.8,13.5,12.013,12.1,2.6999999999999993
86,11.5,13.6,12.51,12.5,2.0999999999999996
87,11.0,13.3,11.996999999999998,12.0,2.3000000000000007
88,9.4,12.1,10.765999999999998,10.7,2.6999999999999993
89,8.1,10.7,9.350000000000001,9.3,2.5999999999999996
90,6.9,9.4,8.04,8.0,2.5
91,6.6,8.9,7.579000000000001,7.6,2.3000000000000007
92,6.6,9.2,7.984,7.9,2.5999999999999996
93,8.0,10.3,9.203999999999999,9.149999999999999,2.3000000000000007
94,9.4,12.1,10.823000000000002,10.8,2.6999999999999993
95,11.1,13.1,12.019999999999998,12.0,2.0
96,11.4,13.6,12.567,12.6,2.1999999999999993
97,10.7,13.1,12.003000000000002,12.0,2.4000000000000004
98,9.4,12.2,10.904000000000002,11.0,2.799999999999999
99,10.9,13.6,12.110999999999999,12.1,2.6999999999999993
100,11.6,13.7,12.627999999999997,12.6,2.0999999999999996
101,10.9,13.2,12.202,12.2,2.299999999999999
102,9.3,12.4,11.003000000000002,11.1,3.0999999999999996
103,7.8,10.7,9.468,9.5,2.8999999999999995
104,6.8,9.5,8.186,8.2,2.7
105,6.8,9.0,7.749,7.8,2.2
106,7.2,9.3,8.177,8.2,2.1000000000000005
107,8.0,10.6,9.431,9.4,2.5999999999999996
108,9.2,12.2,10.899000000000003,11.0,3.0
109,11.1,13.6,12.149,12.1,2.5
110,11.8,13.7,12.638000000000002,12.6,1.8999999999999986
111,11.2,13.2,12.167,12.2,2.0
112,9.9,12.9,11.37,11.3,3.0
113,11.5,14.0,12.654000000000002,12.6,2.5
114,11.8,14.6,13.178999999999997,13.2,2.799999999999999
115,11.4,14.2,12.689999999999998,12.7,2.799999999999999
116,10.1,13.2,11.480000000000002,11.4,3.0999999999999996
117,8.6,11.3,10.043000000000001,10.1,2.700000000000001
118,7.7,10.8,8.753,8.7,3.1000000000000005
119,7.0,9.4,8.256,8.3,2.4000000000000004
120,7.2,10.0,8.702,8.7,2.8
121,8.6,11.3,9.959999999999999,9.9,2.700000000000001
122,10.1,12.8,11.461999999999998,11.5,2.700000000000001
123,11.4,13.7,12.67171717171717,12.7,2.299999999999999
124,12.2,14.2,13.141999999999998,13.1,2.0
125,11.3,13.8,12.613000000000001,12.6,2.5
126,10.7,13.7,12.192999999999998,12.2,3.0
127,12.4,14.7,13.439999999999998,13.5,2.299999999999999
128,12.8,14.9,14.011,14.05,2.0999999999999996
129,11.9,14.9,13.509999999999998,13.5,3.0
130,10.6,14.0,12.321,12.25,3.4000000000000004
131,9.5,12.2,10.825999999999999,10.9,2.6999999999999993
132,8.1,11.0,9.52,9.5,2.9000000000000004
133,7.9,10.2,9.072000000000001,9.1,2.299999999999999
134,8.3,10.8,9.491,9.5,2.5
135,9.4,12.4,10.798000000000002,10.8,3.0
136,10.7,13.6,12.295,12.3,2.9000000000000004
137,12.4,15.4,13.532,13.5,3.0
138,12.9,15.1,13.993939393939394,13.9,2.1999999999999993
139,12.2,14.9,13.451,13.5,2.700000000000001
140,11.7,14.9,13.218000000000002,13.2,3.200000000000001
141,13.1,15.7,14.334999999999997,14.4,2.5999999999999996
142,13.5,16.1,14.962,15.0,2.6000000000000014
143,13.1,15.8,14.549999999999995,14.6,2.700000000000001
144,11.7,14.6,13.277999999999997,13.3,2.9000000000000004
145,10.2,13.1,11.723999999999998,11.7,2.9000000000000004
146,9.0,11.8,10.513,10.5,2.8000000000000007
147,8.8,10.9,10.049,10.1,2.0999999999999996
148,9.0,12.3,10.49,10.5,3.3000000000000007
149,10.4,13.5,11.69,11.7,3.0999999999999996
150,11.7,14.6,13.24,13.2,2.9000000000000004
151,13.1,15.8,14.46,14.5,2.700000000000001
152,13.7,16.3,14.963,14.9,2.6000000000000014
153,12.8,16.3,14.428999999999998,14.5,3.5
154,12.6,15.5,13.974,13.9,2.9000000000000004
155,13.8,16.5,15.280000000000003,15.3,2.6999999999999993
156,14.6,16.7,15.776,15.8,2.0999999999999996
157,13.9,16.7,15.265999999999996,15.2,2.799999999999999
158,12.2,15.5,14.113999999999999,14.1,3.3000000000000007
159,11.1,13.9,12.542000000000003,12.5,2.8000000000000007
160,10.2,12.8,11.314,11.3,2.6000000000000014
161,9.8,12.2,10.900000000000002,10.9,2.3999999999999986
162,10.3,12.7,11.325252525252525,11.3,2.3999999999999986
163,10.8,14.1,12.544,12.6,3.299999999999999
164,12.9,15.4,14.067000000000002,14.05,2.5
165,14.1,16.6,15.286,15.3,2.5000000000000018
166,14.5,16.4,15.652000000000001,15.7,1.8999999999999986
167,13.7,16.4,15.293,15.3,2.6999999999999993
